{"cameraMode":{"drawMode":0,"name":"Shaded","section":"Shading Mode"},"sceneLighting":false,"audioPlay":false,"sceneViewState":{"m_AlwaysRefresh":false,"showFog":true,"showSkybox":false,"showFlares":true,"showImageEffects":true,"showParticleSystems":true,"showVisualEffectGraphs":true,"m_FxEnabled":true},"in2DMode":false,"pivot":{"x":3.251678466796875,"y":0.9740155339241028,"z":1.0696895122528077},"rotation":{"x":0.029474714770913125,"y":0.6908770203590393,"z":-0.028209667652845384,"w":0.7218236327171326},"size":4.2426981925964359,"orthographic":false}